CREATE DATABASE CSE_3B_386
USE CSE_3B_386

CREATE TABLE DEPOSIT
(
	ACTNO INT,
	CNAME VARCHAR(50),
	BNAME VARCHAR(50),
	AMOUNT DECIMAL(8,2),
	ADATE DATE
)

INSERT INTO DEPOSIT VALUES
(101,'ANIL','VRCE',1000.00,'1995-03-01'),
(102,'SUNI','AJNI',5000.00,'1996-01-04'),
(103,'MEHUL','KAROLBAGH',3500.00,'1995-11-17'),
(104,'MADHURI','CHANDI',3500.00,'1995-12-17'),
(105,'PRAMOD','M.G.ROAD',3000.00,'1996-03-27'),
(106,'SANDIP','ANDHERI',2000.00,'1996-03-31'),
(107,'SHIVANI','VIRAR',11000.00,'1995-09-05'),
(108,'KRANTI','NEHRU PLACE',5000.00,'1995-07-02'),
(109,'MINU','POWAI',7000.00,'1995-08-10')

SELECT * FROM DEPOSIT

--NAME OF THIS TABLE IS CHANGED IN QUERY OF LAB 5 SO THIS WILL NOT WORK

CREATE TABLE BRANCH
(
	BNAME VARCHAR(50),
	CITY VARCHAR(50)
)

INSERT INTO BRANCH VALUES
('VRCE','NAGPUR'),
('AJNI','NAGPUR'),
('KAROLBAGH','DELHI'),
('CHANDI','DELHI'),
('DHARAMPETH',' NAGPUR'),
('M.G.ROAD','BANGLORE'),
('ADHERI','BOMBAY'),
('VIRAR','BOMBAY'),
('NEHRU PLACE','DELHI'),
('POWAI','BOMBAY')

SELECT * FROM BRANCH

CREATE TABLE CUSTOMER
(
	CNAME VARCHAR(50),
	CITY VARCHAR(50)
)

INSERT INTO CUSTOMER VALUES
('ANIL','CALCUTTA'),
('SUNIL','DELHI'),
('MEHUL','BARODA'),
('MANDAR','PATNA'),
('MADHURI ','NAGPUR'),
('PRAMOD','NAGPUR'),
('SANDIP','SURAT'),
('SHIVANI','BOMBAY'),
('KRANTI','BOMBAY'),
('NAREN','BOMBAY')

SELECT * FROM CUSTOMER

CREATE TABLE BORROW
(
	LOANNO INT, 
	CNAME VARCHAR(50), 
	BNAME VARCHAR(50),
	AMOUNT DECIMAL(8,2) 
)

INSERT INTO BORROW VALUES
(201,'ANIL','VRCE',1000.00),
(206,'MEHUL','AJNI',5000.00),
(311,'SUNIL','DHARAMPETH',3000.00),
(321,'MADHURI','ANDHERI',2000.00),
(375,'PRAMOD','VIRAR',8000.00),
(481,'KRANTI','NEHRU PLACE',3000.00)

SELECT * FROM BORROW